sta,lat,lon,depth,vp,vs,rho,ani,model_layers,dip,strike,plunge,trend
KJKQ,55.28,-77.75,0,5927,3607,2477,0,3,0,0,0,0
KJKQ,55.28,-77.75,2000,5927,3607,2477,0,3,0,0,0,0
KJKQ,55.28,-77.75,4000,5927,3607,2477,0,3,0,0,0,0
KJKQ,55.28,-77.75,6000,5927,3607,2477,0,3,0,0,0,0
KJKQ,55.28,-77.75,8000,5927,3607,2477,0,3,0,0,0,0
KJKQ,55.28,-77.75,10000,5927,3607,2477,0,3,0,0,0,0
KJKQ,55.28,-77.75,10487,5927,3607,2477,0,3,0,0,0,0
KJKQ,55.28,-77.75,12000,7410,5050,2824,0,3,0,0,0,0
KJKQ,55.28,-77.75,14000,7410,5050,2824,0,3,0,0,0,0
KJKQ,55.28,-77.75,16000,7410,5050,2824,0,3,0,0,0,0
KJKQ,55.28,-77.75,18000,7410,5050,2824,0,3,0,0,0,0
KJKQ,55.28,-77.75,20000,7410,5050,2824,0,3,0,0,0,0
KJKQ,55.28,-77.75,22000,7410,5050,2824,0,3,0,0,0,0
KJKQ,55.28,-77.75,24000,7410,5050,2824,0,3,0,0,0,0
KJKQ,55.28,-77.75,26000,7410,5050,2824,0,3,0,0,0,0
KJKQ,55.28,-77.75,28000,7410,5050,2824,0,3,0,0,0,0
KJKQ,55.28,-77.75,30000,7410,5050,2824,0,3,0,0,0,0
KJKQ,55.28,-77.75,30450,7410,5050,2824,0,3,0,0,0,0
KJKQ,55.28,-77.75,32000,8865,4562,3024,0,3,0,0,0,0
KJKQ,55.28,-77.75,34000,8865,4562,3024,0,3,0,0,0,0
KJKQ,55.28,-77.75,36000,8865,4562,3024,0,3,0,0,0,0
KJKQ,55.28,-77.75,38000,8865,4562,3024,0,3,0,0,0,0
KJKQ,55.28,-77.75,40000,8865,4562,3024,0,3,0,0,0,0
KJKQ,55.28,-77.75,42000,8865,4562,3024,0,3,0,0,0,0
KJKQ,55.28,-77.75,44000,8865,4562,3024,0,3,0,0,0,0
KJKQ,55.28,-77.75,46000,8865,4562,3024,0,3,0,0,0,0
KJKQ,55.28,-77.75,48000,8865,4562,3024,0,3,0,0,0,0
KJKQ,55.28,-77.75,50000,8865,4562,3024,0,3,0,0,0,0
SNQN,56.54,-79.23,0,6067,3303,1979,0,5,0,0,0,0
SNQN,56.54,-79.23,2000,6067,3303,1979,0,5,0,0,0,0
SNQN,56.54,-79.23,4000,6067,3303,1979,0,5,0,0,0,0
SNQN,56.54,-79.23,6000,6067,3303,1979,0,5,0,0,0,0
SNQN,56.54,-79.23,8000,6067,3303,1979,0,5,0,0,0,0
SNQN,56.54,-79.23,8258,6067,3303,1979,0,5,0,0,0,0
SNQN,56.54,-79.23,10000,6801,3514,2400,0,5,0,0,0,0
SNQN,56.54,-79.23,12000,6801,3514,2400,0,5,0,0,0,0
SNQN,56.54,-79.23,14000,6801,3514,2400,0,5,0,0,0,0
SNQN,56.54,-79.23,16000,6801,3514,2400,0,5,0,0,0,0
SNQN,56.54,-79.23,18000,6801,3514,2400,0,5,0,0,0,0
SNQN,56.54,-79.23,20000,6801,3514,2400,0,5,0,0,0,0
SNQN,56.54,-79.23,20796,6801,3514,2400,0,5,0,0,0,0
SNQN,56.54,-79.23,22000,6933,3521,3063,0,5,0,0,0,0
SNQN,56.54,-79.23,24000,6933,3521,3063,0,5,0,0,0,0
SNQN,56.54,-79.23,26000,6933,3521,3063,0,5,0,0,0,0
SNQN,56.54,-79.23,28000,6933,3521,3063,0,5,0,0,0,0
SNQN,56.54,-79.23,30000,6933,3521,3063,0,5,0,0,0,0
SNQN,56.54,-79.23,32000,6933,3521,3063,0,5,0,0,0,0
SNQN,56.54,-79.23,34000,6933,3521,3063,0,5,0,0,0,0
SNQN,56.54,-79.23,34154,6933,3521,3063,0,5,0,0,0,0
SNQN,56.54,-79.23,36000,7677,4431,2868,0,5,0,0,0,0
SNQN,56.54,-79.23,38000,7677,4431,2868,0,5,0,0,0,0
SNQN,56.54,-79.23,40000,7677,4431,2868,0,5,0,0,0,0
SNQN,56.54,-79.23,42000,7677,4431,2868,0,5,0,0,0,0
SNQN,56.54,-79.23,42012,7677,4431,2868,0,5,0,0,0,0
SNQN,56.54,-79.23,44000,8254,4786,3034,0,5,0,0,0,0
SNQN,56.54,-79.23,46000,8254,4786,3034,0,5,0,0,0,0
SNQN,56.54,-79.23,48000,8254,4786,3034,0,5,0,0,0,0
SNQN,56.54,-79.23,50000,8254,4786,3034,0,5,0,0,0,0
SAKN,56.54,-79.23,0,5910,3456,2411,0,4,0,0,0,0
SAKN,56.54,-79.23,2000,5910,3456,2411,0,4,0,0,0,0
SAKN,56.54,-79.23,4000,5910,3456,2411,0,4,0,0,0,0
SAKN,56.54,-79.23,6000,5910,3456,2411,0,4,0,0,0,0
SAKN,56.54,-79.23,6622,5910,3456,2411,0,4,0,0,0,0
SAKN,56.54,-79.23,8000,7160,4092,2531,0,4,0,0,0,0
SAKN,56.54,-79.23,10000,7160,4092,2531,0,4,0,0,0,0
SAKN,56.54,-79.23,12000,7160,4092,2531,0,4,0,0,0,0
SAKN,56.54,-79.23,14000,7160,4092,2531,0,4,0,0,0,0
SAKN,56.54,-79.23,15631,7160,4092,2531,0,4,0,0,0,0
SAKN,56.54,-79.23,16000,7455,4762,2956,0,4,0,0,0,0
SAKN,56.54,-79.23,18000,7455,4762,2956,0,4,0,0,0,0
SAKN,56.54,-79.23,20000,7455,4762,2956,0,4,0,0,0,0
SAKN,56.54,-79.23,22000,7455,4762,2956,0,4,0,0,0,0
SAKN,56.54,-79.23,24000,7455,4762,2956,0,4,0,0,0,0
SAKN,56.54,-79.23,26000,7455,4762,2956,0,4,0,0,0,0
SAKN,56.54,-79.23,28000,7455,4762,2956,0,4,0,0,0,0
SAKN,56.54,-79.23,30000,7455,4762,2956,0,4,0,0,0,0
SAKN,56.54,-79.23,30235,7455,4762,2956,0,4,0,0,0,0
SAKN,56.54,-79.23,32000,8351,4962,3023,0,4,0,0,0,0
SAKN,56.54,-79.23,34000,8351,4962,3023,0,4,0,0,0,0
SAKN,56.54,-79.23,36000,8351,4962,3023,0,4,0,0,0,0
SAKN,56.54,-79.23,38000,8351,4962,3023,0,4,0,0,0,0
SAKN,56.54,-79.23,40000,8351,4962,3023,0,4,0,0,0,0
SAKN,56.54,-79.23,42000,8351,4962,3023,0,4,0,0,0,0
SAKN,56.54,-79.23,44000,8351,4962,3023,0,4,0,0,0,0
SAKN,56.54,-79.23,46000,8351,4962,3023,0,4,0,0,0,0
SAKN,56.54,-79.23,48000,8351,4962,3023,0,4,0,0,0,0
SAKN,56.54,-79.23,50000,8351,4962,3023,0,4,0,0,0,0
INUQ,58.45,-78.12,0,6333,3959,2389,0,3,0,0,0,0
INUQ,58.45,-78.12,2000,6333,3959,2389,0,3,0,0,0,0
INUQ,58.45,-78.12,4000,6333,3959,2389,0,3,0,0,0,0
INUQ,58.45,-78.12,6000,6333,3959,2389,0,3,0,0,0,0
INUQ,58.45,-78.12,8000,6333,3959,2389,0,3,0,0,0,0
INUQ,58.45,-78.12,10000,6333,3959,2389,0,3,0,0,0,0
INUQ,58.45,-78.12,12000,6333,3959,2389,0,3,0,0,0,0
INUQ,58.45,-78.12,14000,6333,3959,2389,0,3,0,0,0,0
INUQ,58.45,-78.12,16000,6333,3959,2389,0,3,0,0,0,0
INUQ,58.45,-78.12,18000,6333,3959,2389,0,3,0,0,0,0
INUQ,58.45,-78.12,19501,6333,3959,2389,0,3,0,0,0,0
INUQ,58.45,-78.12,20000,6842,3821,2909,0,3,0,0,0,0
INUQ,58.45,-78.12,22000,6842,3821,2909,0,3,0,0,0,0
INUQ,58.45,-78.12,24000,6842,3821,2909,0,3,0,0,0,0
INUQ,58.45,-78.12,26000,6842,3821,2909,0,3,0,0,0,0
INUQ,58.45,-78.12,28000,6842,3821,2909,0,3,0,0,0,0
INUQ,58.45,-78.12,30000,6842,3821,2909,0,3,0,0,0,0
INUQ,58.45,-78.12,32000,6842,3821,2909,0,3,0,0,0,0
INUQ,58.45,-78.12,34000,6842,3821,2909,0,3,0,0,0,0
INUQ,58.45,-78.12,36000,6842,3821,2909,0,3,0,0,0,0
INUQ,58.45,-78.12,38000,6842,3821,2909,0,3,0,0,0,0
INUQ,58.45,-78.12,40000,6842,3821,2909,0,3,0,0,0,0
INUQ,58.45,-78.12,42000,6842,3821,2909,0,3,0,0,0,0
INUQ,58.45,-78.12,43899,6842,3821,2909,0,3,0,0,0,0
INUQ,58.45,-78.12,44000,8435,4511,3017,0,3,0,0,0,0
INUQ,58.45,-78.12,46000,8435,4511,3017,0,3,0,0,0,0
INUQ,58.45,-78.12,48000,8435,4511,3017,0,3,0,0,0,0
INUQ,58.45,-78.12,50000,8435,4511,3017,0,3,0,0,0,0
FCC,58.76,-94.09,0,6797,3851,2402,0,2,0,0,0,0
FCC,58.76,-94.09,2000,6797,3851,2402,0,2,0,0,0,0
FCC,58.76,-94.09,4000,6797,3851,2402,0,2,0,0,0,0
FCC,58.76,-94.09,6000,6797,3851,2402,0,2,0,0,0,0
FCC,58.76,-94.09,8000,6797,3851,2402,0,2,0,0,0,0
FCC,58.76,-94.09,10000,6797,3851,2402,0,2,0,0,0,0
FCC,58.76,-94.09,12000,6797,3851,2402,0,2,0,0,0,0
FCC,58.76,-94.09,14000,6797,3851,2402,0,2,0,0,0,0
FCC,58.76,-94.09,16000,6797,3851,2402,0,2,0,0,0,0
FCC,58.76,-94.09,18000,6797,3851,2402,0,2,0,0,0,0
FCC,58.76,-94.09,20000,6797,3851,2402,0,2,0,0,0,0
FCC,58.76,-94.09,22000,6797,3851,2402,0,2,0,0,0,0
FCC,58.76,-94.09,24000,6797,3851,2402,0,2,0,0,0,0
FCC,58.76,-94.09,26000,6797,3851,2402,0,2,0,0,0,0
FCC,58.76,-94.09,28000,6797,3851,2402,0,2,0,0,0,0
FCC,58.76,-94.09,30000,6797,3851,2402,0,2,0,0,0,0
FCC,58.76,-94.09,32000,6797,3851,2402,0,2,0,0,0,0
FCC,58.76,-94.09,34000,6797,3851,2402,0,2,0,0,0,0
FCC,58.76,-94.09,36000,6797,3851,2402,0,2,0,0,0,0
FCC,58.76,-94.09,38000,6797,3851,2402,0,2,0,0,0,0
FCC,58.76,-94.09,40000,6797,3851,2402,0,2,0,0,0,0
FCC,58.76,-94.09,42000,6797,3851,2402,0,2,0,0,0,0
FCC,58.76,-94.09,43099,6797,3851,2402,0,2,0,0,0,0
FCC,58.76,-94.09,44000,8836,4550,2514,0,2,0,0,0,0
FCC,58.76,-94.09,46000,8836,4550,2514,0,2,0,0,0,0
FCC,58.76,-94.09,48000,8836,4550,2514,0,2,0,0,0,0
FCC,58.76,-94.09,50000,8836,4550,2514,0,2,0,0,0,0
AKVQ,60.81,-78.19,0,6455,3616,2337,0,2,0,0,0,0
AKVQ,60.81,-78.19,2000,6455,3616,2337,0,2,0,0,0,0
AKVQ,60.81,-78.19,4000,6455,3616,2337,0,2,0,0,0,0
AKVQ,60.81,-78.19,6000,6455,3616,2337,0,2,0,0,0,0
AKVQ,60.81,-78.19,8000,6455,3616,2337,0,2,0,0,0,0
AKVQ,60.81,-78.19,10000,6455,3616,2337,0,2,0,0,0,0
AKVQ,60.81,-78.19,12000,6455,3616,2337,0,2,0,0,0,0
AKVQ,60.81,-78.19,14000,6455,3616,2337,0,2,0,0,0,0
AKVQ,60.81,-78.19,16000,6455,3616,2337,0,2,0,0,0,0
AKVQ,60.81,-78.19,18000,6455,3616,2337,0,2,0,0,0,0
AKVQ,60.81,-78.19,20000,6455,3616,2337,0,2,0,0,0,0
AKVQ,60.81,-78.19,22000,6455,3616,2337,0,2,0,0,0,0
AKVQ,60.81,-78.19,24000,6455,3616,2337,0,2,0,0,0,0
AKVQ,60.81,-78.19,26000,6455,3616,2337,0,2,0,0,0,0
AKVQ,60.81,-78.19,28000,6455,3616,2337,0,2,0,0,0,0
AKVQ,60.81,-78.19,30000,6455,3616,2337,0,2,0,0,0,0
AKVQ,60.81,-78.19,32000,6455,3616,2337,0,2,0,0,0,0
AKVQ,60.81,-78.19,34000,6455,3616,2337,0,2,0,0,0,0
AKVQ,60.81,-78.19,36000,6455,3616,2337,0,2,0,0,0,0
AKVQ,60.81,-78.19,38000,6455,3616,2337,0,2,0,0,0,0
AKVQ,60.81,-78.19,40000,6455,3616,2337,0,2,0,0,0,0
AKVQ,60.81,-78.19,42000,6455,3616,2337,0,2,0,0,0,0
AKVQ,60.81,-78.19,44000,6455,3616,2337,0,2,0,0,0,0
AKVQ,60.81,-78.19,44641,6455,3616,2337,0,2,0,0,0,0
AKVQ,60.81,-78.19,46000,7807,4634,2268,0,2,0,0,0,0
AKVQ,60.81,-78.19,48000,7807,4634,2268,0,2,0,0,0,0
AKVQ,60.81,-78.19,50000,7807,4634,2268,0,2,0,0,0,0
ARVN,61.1,-94.07,0,7009,4021,2479,0,2,0,0,0,0
ARVN,61.1,-94.07,2000,7009,4021,2479,0,2,0,0,0,0
ARVN,61.1,-94.07,4000,7009,4021,2479,0,2,0,0,0,0
ARVN,61.1,-94.07,6000,7009,4021,2479,0,2,0,0,0,0
ARVN,61.1,-94.07,8000,7009,4021,2479,0,2,0,0,0,0
ARVN,61.1,-94.07,10000,7009,4021,2479,0,2,0,0,0,0
ARVN,61.1,-94.07,12000,7009,4021,2479,0,2,0,0,0,0
ARVN,61.1,-94.07,14000,7009,4021,2479,0,2,0,0,0,0
ARVN,61.1,-94.07,16000,7009,4021,2479,0,2,0,0,0,0
ARVN,61.1,-94.07,18000,7009,4021,2479,0,2,0,0,0,0
ARVN,61.1,-94.07,20000,7009,4021,2479,0,2,0,0,0,0
ARVN,61.1,-94.07,22000,7009,4021,2479,0,2,0,0,0,0
ARVN,61.1,-94.07,24000,7009,4021,2479,0,2,0,0,0,0
ARVN,61.1,-94.07,26000,7009,4021,2479,0,2,0,0,0,0
ARVN,61.1,-94.07,28000,7009,4021,2479,0,2,0,0,0,0
ARVN,61.1,-94.07,30000,7009,4021,2479,0,2,0,0,0,0
ARVN,61.1,-94.07,32000,7009,4021,2479,0,2,0,0,0,0
ARVN,61.1,-94.07,34000,7009,4021,2479,0,2,0,0,0,0
ARVN,61.1,-94.07,36000,7009,4021,2479,0,2,0,0,0,0
ARVN,61.1,-94.07,38000,7009,4021,2479,0,2,0,0,0,0
ARVN,61.1,-94.07,40000,7009,4021,2479,0,2,0,0,0,0
ARVN,61.1,-94.07,42000,7009,4021,2479,0,2,0,0,0,0
ARVN,61.1,-94.07,44000,7009,4021,2479,0,2,0,0,0,0
ARVN,61.1,-94.07,44371,7009,4021,2479,0,2,0,0,0,0
ARVN,61.1,-94.07,46000,8311,4591,2723,0,2,0,0,0,0
ARVN,61.1,-94.07,48000,8311,4591,2723,0,2,0,0,0,0
ARVN,61.1,-94.07,50000,8311,4591,2723,0,2,0,0,0,0
MANN,62.29,-79.59,0,7916,4543,2387,0,2,0,0,0,0
MANN,62.29,-79.59,2000,7916,4543,2387,0,2,0,0,0,0
MANN,62.29,-79.59,4000,7916,4543,2387,0,2,0,0,0,0
MANN,62.29,-79.59,6000,7916,4543,2387,0,2,0,0,0,0
MANN,62.29,-79.59,8000,7916,4543,2387,0,2,0,0,0,0
MANN,62.29,-79.59,10000,7916,4543,2387,0,2,0,0,0,0
MANN,62.29,-79.59,12000,7916,4543,2387,0,2,0,0,0,0
MANN,62.29,-79.59,14000,7916,4543,2387,0,2,0,0,0,0
MANN,62.29,-79.59,16000,7916,4543,2387,0,2,0,0,0,0
MANN,62.29,-79.59,18000,7916,4543,2387,0,2,0,0,0,0
MANN,62.29,-79.59,20000,7916,4543,2387,0,2,0,0,0,0
MANN,62.29,-79.59,22000,7916,4543,2387,0,2,0,0,0,0
MANN,62.29,-79.59,24000,7916,4543,2387,0,2,0,0,0,0
MANN,62.29,-79.59,26000,7916,4543,2387,0,2,0,0,0,0
MANN,62.29,-79.59,28000,7916,4543,2387,0,2,0,0,0,0
MANN,62.29,-79.59,30000,7916,4543,2387,0,2,0,0,0,0
MANN,62.29,-79.59,32000,7916,4543,2387,0,2,0,0,0,0
MANN,62.29,-79.59,34000,7916,4543,2387,0,2,0,0,0,0
MANN,62.29,-79.59,36000,7916,4543,2387,0,2,0,0,0,0
MANN,62.29,-79.59,38000,7916,4543,2387,0,2,0,0,0,0
MANN,62.29,-79.59,40000,7916,4543,2387,0,2,0,0,0,0
MANN,62.29,-79.59,42000,7916,4543,2387,0,2,0,0,0,0
MANN,62.29,-79.59,43846,7916,4543,2387,0,2,0,0,0,0
MANN,62.29,-79.59,44000,8035,5900,2508,0,2,0,0,0,0
MANN,62.29,-79.59,46000,8035,5900,2508,0,2,0,0,0,0
MANN,62.29,-79.59,48000,8035,5900,2508,0,2,0,0,0,0
MANN,62.29,-79.59,50000,8035,5900,2508,0,2,0,0,0,0
YRTN,62.81,-92.11,0,5994,3511,2438,0,4,0,0,0,0
YRTN,62.81,-92.11,2000,5994,3511,2438,0,4,0,0,0,0
YRTN,62.81,-92.11,4000,5994,3511,2438,0,4,0,0,0,0
YRTN,62.81,-92.11,6000,5994,3511,2438,0,4,0,0,0,0
YRTN,62.81,-92.11,8000,5994,3511,2438,0,4,0,0,0,0
YRTN,62.81,-92.11,10000,5994,3511,2438,0,4,0,0,0,0
YRTN,62.81,-92.11,11309,5994,3511,2438,0,4,0,0,0,0
YRTN,62.81,-92.11,12000,7357,3660,2851,0,4,0,0,0,0
YRTN,62.81,-92.11,14000,7357,3660,2851,0,4,0,0,0,0
YRTN,62.81,-92.11,16000,7357,3660,2851,0,4,0,0,0,0
YRTN,62.81,-92.11,18000,7357,3660,2851,0,4,0,0,0,0
YRTN,62.81,-92.11,20000,7357,3660,2851,0,4,0,0,0,0
YRTN,62.81,-92.11,22000,7357,3660,2851,0,4,0,0,0,0
YRTN,62.81,-92.11,24000,7357,3660,2851,0,4,0,0,0,0
YRTN,62.81,-92.11,24569,7357,3660,2851,0,4,0,0,0,0
YRTN,62.81,-92.11,26000,7308,4024,2835,0,4,0,0,0,0
YRTN,62.81,-92.11,28000,7308,4024,2835,0,4,0,0,0,0
YRTN,62.81,-92.11,30000,7308,4024,2835,0,4,0,0,0,0
YRTN,62.81,-92.11,32000,7308,4024,2835,0,4,0,0,0,0
YRTN,62.81,-92.11,32070,7308,4024,2835,0,4,0,0,0,0
YRTN,62.81,-92.11,34000,7834,4893,3048,0,4,0,0,0,0
YRTN,62.81,-92.11,36000,7834,4893,3048,0,4,0,0,0,0
YRTN,62.81,-92.11,38000,7834,4893,3048,0,4,0,0,0,0
YRTN,62.81,-92.11,40000,7834,4893,3048,0,4,0,0,0,0
YRTN,62.81,-92.11,42000,7834,4893,3048,0,4,0,0,0,0
YRTN,62.81,-92.11,44000,7834,4893,3048,0,4,0,0,0,0
YRTN,62.81,-92.11,46000,7834,4893,3048,0,4,0,0,0,0
YRTN,62.81,-92.11,48000,7834,4893,3048,0,4,0,0,0,0
YRTN,62.81,-92.11,50000,7834,4893,3048,0,4,0,0,0,0
CTSN,62.85,-82.48,0,5845,3747,2486,0,3,0,0,0,0
CTSN,62.85,-82.48,2000,5845,3747,2486,0,3,0,0,0,0
CTSN,62.85,-82.48,4000,5845,3747,2486,0,3,0,0,0,0
CTSN,62.85,-82.48,6000,5845,3747,2486,0,3,0,0,0,0
CTSN,62.85,-82.48,8000,5845,3747,2486,0,3,0,0,0,0
CTSN,62.85,-82.48,10000,5845,3747,2486,0,3,0,0,0,0
CTSN,62.85,-82.48,12000,5845,3747,2486,0,3,0,0,0,0
CTSN,62.85,-82.48,14000,5845,3747,2486,0,3,0,0,0,0
CTSN,62.85,-82.48,15995,5845,3747,2486,0,3,0,0,0,0
CTSN,62.85,-82.48,16000,7353,3992,2706,0,3,0,0,0,0
CTSN,62.85,-82.48,18000,7353,3992,2706,0,3,0,0,0,0
CTSN,62.85,-82.48,20000,7353,3992,2706,0,3,0,0,0,0
CTSN,62.85,-82.48,22000,7353,3992,2706,0,3,0,0,0,0
CTSN,62.85,-82.48,24000,7353,3992,2706,0,3,0,0,0,0
CTSN,62.85,-82.48,26000,7353,3992,2706,0,3,0,0,0,0
CTSN,62.85,-82.48,28000,7353,3992,2706,0,3,0,0,0,0
CTSN,62.85,-82.48,30000,7353,3992,2706,0,3,0,0,0,0
CTSN,62.85,-82.48,32000,7353,3992,2706,0,3,0,0,0,0
CTSN,62.85,-82.48,34000,7353,3992,2706,0,3,0,0,0,0
CTSN,62.85,-82.48,36000,7353,3992,2706,0,3,0,0,0,0
CTSN,62.85,-82.48,38000,7353,3992,2706,0,3,0,0,0,0
CTSN,62.85,-82.48,38074,7353,3992,2706,0,3,0,0,0,0
CTSN,62.85,-82.48,40000,8120,4691,3217,0,3,0,0,0,0
CTSN,62.85,-82.48,42000,8120,4691,3217,0,3,0,0,0,0
CTSN,62.85,-82.48,44000,8120,4691,3217,0,3,0,0,0,0
CTSN,62.85,-82.48,46000,8120,4691,3217,0,3,0,0,0,0
CTSN,62.85,-82.48,48000,8120,4691,3217,0,3,0,0,0,0
CTSN,62.85,-82.48,50000,8120,4691,3217,0,3,0,0,0,0
JOSN,63.16,-91.54,0,6271,3496,1722,0,5,0,0,0,0
JOSN,63.16,-91.54,2000,6271,3496,1722,0,5,0,0,0,0
JOSN,63.16,-91.54,4000,6271,3496,1722,0,5,0,0,0,0
JOSN,63.16,-91.54,5517,6271,3496,1722,0,5,0,0,0,0
JOSN,63.16,-91.54,6000,6441,3469,2606,0,5,0,0,0,0
JOSN,63.16,-91.54,8000,6441,3469,2606,0,5,0,0,0,0
JOSN,63.16,-91.54,10000,6441,3469,2606,0,5,0,0,0,0
JOSN,63.16,-91.54,12000,6441,3469,2606,0,5,0,0,0,0
JOSN,63.16,-91.54,14000,6441,3469,2606,0,5,0,0,0,0
JOSN,63.16,-91.54,16000,6441,3469,2606,0,5,0,0,0,0
JOSN,63.16,-91.54,16967,6441,3469,2606,0,5,0,0,0,0
JOSN,63.16,-91.54,18000,7098,3824,2790,0,5,0,0,0,0
JOSN,63.16,-91.54,20000,7098,3824,2790,0,5,0,0,0,0
JOSN,63.16,-91.54,22000,7098,3824,2790,0,5,0,0,0,0
JOSN,63.16,-91.54,24000,7098,3824,2790,0,5,0,0,0,0
JOSN,63.16,-91.54,26000,7098,3824,2790,0,5,0,0,0,0
JOSN,63.16,-91.54,26450,7098,3824,2790,0,5,0,0,0,0
JOSN,63.16,-91.54,28000,7157,4959,2775,0,5,0,0,0,0
JOSN,63.16,-91.54,30000,7157,4959,2775,0,5,0,0,0,0
JOSN,63.16,-91.54,32000,7157,4959,2775,0,5,0,0,0,0
JOSN,63.16,-91.54,34000,7157,4959,2775,0,5,0,0,0,0
JOSN,63.16,-91.54,34009,7157,4959,2775,0,5,0,0,0,0
JOSN,63.16,-91.54,36000,8387,4225,2802,0,5,0,0,0,0
JOSN,63.16,-91.54,38000,8387,4225,2802,0,5,0,0,0,0
JOSN,63.16,-91.54,40000,8387,4225,2802,0,5,0,0,0,0
JOSN,63.16,-91.54,42000,8387,4225,2802,0,5,0,0,0,0
JOSN,63.16,-91.54,44000,8387,4225,2802,0,5,0,0,0,0
JOSN,63.16,-91.54,46000,8387,4225,2802,0,5,0,0,0,0
JOSN,63.16,-91.54,48000,8387,4225,2802,0,5,0,0,0,0
JOSN,63.16,-91.54,50000,8387,4225,2802,0,5,0,0,0,0
SEDN,63.25,-91.21,0,5891,3930,2445,0,3,0,0,0,0
SEDN,63.25,-91.21,2000,5891,3930,2445,0,3,0,0,0,0
SEDN,63.25,-91.21,4000,5891,3930,2445,0,3,0,0,0,0
SEDN,63.25,-91.21,6000,5891,3930,2445,0,3,0,0,0,0
SEDN,63.25,-91.21,8000,5891,3930,2445,0,3,0,0,0,0
SEDN,63.25,-91.21,10000,5891,3930,2445,0,3,0,0,0,0
SEDN,63.25,-91.21,12000,5891,3930,2445,0,3,0,0,0,0
SEDN,63.25,-91.21,14000,5891,3930,2445,0,3,0,0,0,0
SEDN,63.25,-91.21,16000,5891,3930,2445,0,3,0,0,0,0
SEDN,63.25,-91.21,18000,5891,3930,2445,0,3,0,0,0,0
SEDN,63.25,-91.21,20000,5891,3930,2445,0,3,0,0,0,0
SEDN,63.25,-91.21,22000,5891,3930,2445,0,3,0,0,0,0
SEDN,63.25,-91.21,22029,5891,3930,2445,0,3,0,0,0,0
SEDN,63.25,-91.21,24000,7557,3840,2807,0,3,0,0,0,0
SEDN,63.25,-91.21,26000,7557,3840,2807,0,3,0,0,0,0
SEDN,63.25,-91.21,28000,7557,3840,2807,0,3,0,0,0,0
SEDN,63.25,-91.21,30000,7557,3840,2807,0,3,0,0,0,0
SEDN,63.25,-91.21,32000,7557,3840,2807,0,3,0,0,0,0
SEDN,63.25,-91.21,34000,7557,3840,2807,0,3,0,0,0,0
SEDN,63.25,-91.21,36000,7557,3840,2807,0,3,0,0,0,0
SEDN,63.25,-91.21,38000,7557,3840,2807,0,3,0,0,0,0
SEDN,63.25,-91.21,40000,7557,3840,2807,0,3,0,0,0,0
SEDN,63.25,-91.21,40597,7557,3840,2807,0,3,0,0,0,0
SEDN,63.25,-91.21,42000,8256,4772,2800,0,3,0,0,0,0
SEDN,63.25,-91.21,44000,8256,4772,2800,0,3,0,0,0,0
SEDN,63.25,-91.21,46000,8256,4772,2800,0,3,0,0,0,0
SEDN,63.25,-91.21,48000,8256,4772,2800,0,3,0,0,0,0
SEDN,63.25,-91.21,50000,8256,4772,2800,0,3,0,0,0,0
NOTN,63.29,-78.14,0,7741,4506,2462,0,2,0,0,0,0
NOTN,63.29,-78.14,2000,7741,4506,2462,0,2,0,0,0,0
NOTN,63.29,-78.14,4000,7741,4506,2462,0,2,0,0,0,0
NOTN,63.29,-78.14,6000,7741,4506,2462,0,2,0,0,0,0
NOTN,63.29,-78.14,8000,7741,4506,2462,0,2,0,0,0,0
NOTN,63.29,-78.14,10000,7741,4506,2462,0,2,0,0,0,0
NOTN,63.29,-78.14,12000,7741,4506,2462,0,2,0,0,0,0
NOTN,63.29,-78.14,14000,7741,4506,2462,0,2,0,0,0,0
NOTN,63.29,-78.14,16000,7741,4506,2462,0,2,0,0,0,0
NOTN,63.29,-78.14,18000,7741,4506,2462,0,2,0,0,0,0
NOTN,63.29,-78.14,20000,7741,4506,2462,0,2,0,0,0,0
NOTN,63.29,-78.14,22000,7741,4506,2462,0,2,0,0,0,0
NOTN,63.29,-78.14,24000,7741,4506,2462,0,2,0,0,0,0
NOTN,63.29,-78.14,26000,7741,4506,2462,0,2,0,0,0,0
NOTN,63.29,-78.14,28000,7741,4506,2462,0,2,0,0,0,0
NOTN,63.29,-78.14,30000,7741,4506,2462,0,2,0,0,0,0
NOTN,63.29,-78.14,32000,7741,4506,2462,0,2,0,0,0,0
NOTN,63.29,-78.14,34000,7741,4506,2462,0,2,0,0,0,0
NOTN,63.29,-78.14,36000,7741,4506,2462,0,2,0,0,0,0
NOTN,63.29,-78.14,38000,7741,4506,2462,0,2,0,0,0,0
NOTN,63.29,-78.14,40000,7741,4506,2462,0,2,0,0,0,0
NOTN,63.29,-78.14,42000,7741,4506,2462,0,2,0,0,0,0
NOTN,63.29,-78.14,44000,7741,4506,2462,0,2,0,0,0,0
NOTN,63.29,-78.14,44285,7741,4506,2462,0,2,0,0,0,0
NOTN,63.29,-78.14,46000,8897,5729,2384,0,2,0,0,0,0
NOTN,63.29,-78.14,48000,8897,5729,2384,0,2,0,0,0,0
NOTN,63.29,-78.14,50000,8897,5729,2384,0,2,0,0,0,0
MCMN,63.3,-92.3,0,6042,3868,2430,0,3,0,0,0,0
MCMN,63.3,-92.3,2000,6042,3868,2430,0,3,0,0,0,0
MCMN,63.3,-92.3,4000,6042,3868,2430,0,3,0,0,0,0
MCMN,63.3,-92.3,6000,6042,3868,2430,0,3,0,0,0,0
MCMN,63.3,-92.3,8000,6042,3868,2430,0,3,0,0,0,0
MCMN,63.3,-92.3,10000,6042,3868,2430,0,3,0,0,0,0
MCMN,63.3,-92.3,12000,6042,3868,2430,0,3,0,0,0,0
MCMN,63.3,-92.3,12748,6042,3868,2430,0,3,0,0,0,0
MCMN,63.3,-92.3,14000,7439,3906,2986,0,3,0,0,0,0
MCMN,63.3,-92.3,16000,7439,3906,2986,0,3,0,0,0,0
MCMN,63.3,-92.3,18000,7439,3906,2986,0,3,0,0,0,0
MCMN,63.3,-92.3,20000,7439,3906,2986,0,3,0,0,0,0
MCMN,63.3,-92.3,22000,7439,3906,2986,0,3,0,0,0,0
MCMN,63.3,-92.3,24000,7439,3906,2986,0,3,0,0,0,0
MCMN,63.3,-92.3,26000,7439,3906,2986,0,3,0,0,0,0
MCMN,63.3,-92.3,28000,7439,3906,2986,0,3,0,0,0,0
MCMN,63.3,-92.3,30000,7439,3906,2986,0,3,0,0,0,0
MCMN,63.3,-92.3,32000,7439,3906,2986,0,3,0,0,0,0
MCMN,63.3,-92.3,34000,7439,3906,2986,0,3,0,0,0,0
MCMN,63.3,-92.3,36000,7439,3906,2986,0,3,0,0,0,0
MCMN,63.3,-92.3,37032,7439,3906,2986,0,3,0,0,0,0
MCMN,63.3,-92.3,38000,7929,4878,2919,0,3,0,0,0,0
MCMN,63.3,-92.3,40000,7929,4878,2919,0,3,0,0,0,0
MCMN,63.3,-92.3,42000,7929,4878,2919,0,3,0,0,0,0
MCMN,63.3,-92.3,44000,7929,4878,2919,0,3,0,0,0,0
MCMN,63.3,-92.3,46000,7929,4878,2919,0,3,0,0,0,0
MCMN,63.3,-92.3,48000,7929,4878,2919,0,3,0,0,0,0
MCMN,63.3,-92.3,50000,7929,4878,2919,0,3,0,0,0,0
SHWN,63.78,-85.09,0,7160,4148,2237,0,2,0,0,0,0
SHWN,63.78,-85.09,2000,7160,4148,2237,0,2,0,0,0,0
SHWN,63.78,-85.09,4000,7160,4148,2237,0,2,0,0,0,0
SHWN,63.78,-85.09,6000,7160,4148,2237,0,2,0,0,0,0
SHWN,63.78,-85.09,8000,7160,4148,2237,0,2,0,0,0,0
SHWN,63.78,-85.09,10000,7160,4148,2237,0,2,0,0,0,0
SHWN,63.78,-85.09,12000,7160,4148,2237,0,2,0,0,0,0
SHWN,63.78,-85.09,14000,7160,4148,2237,0,2,0,0,0,0
SHWN,63.78,-85.09,16000,7160,4148,2237,0,2,0,0,0,0
SHWN,63.78,-85.09,18000,7160,4148,2237,0,2,0,0,0,0
SHWN,63.78,-85.09,20000,7160,4148,2237,0,2,0,0,0,0
SHWN,63.78,-85.09,22000,7160,4148,2237,0,2,0,0,0,0
SHWN,63.78,-85.09,24000,7160,4148,2237,0,2,0,0,0,0
SHWN,63.78,-85.09,26000,7160,4148,2237,0,2,0,0,0,0
SHWN,63.78,-85.09,28000,7160,4148,2237,0,2,0,0,0,0
SHWN,63.78,-85.09,30000,7160,4148,2237,0,2,0,0,0,0
SHWN,63.78,-85.09,32000,7160,4148,2237,0,2,0,0,0,0
SHWN,63.78,-85.09,34000,7160,4148,2237,0,2,0,0,0,0
SHWN,63.78,-85.09,36000,7160,4148,2237,0,2,0,0,0,0
SHWN,63.78,-85.09,38000,7160,4148,2237,0,2,0,0,0,0
SHWN,63.78,-85.09,40000,7160,4148,2237,0,2,0,0,0,0
SHWN,63.78,-85.09,41410,7160,4148,2237,0,2,0,0,0,0
SHWN,63.78,-85.09,42000,8414,4923,2362,0,2,0,0,0,0
SHWN,63.78,-85.09,44000,8414,4923,2362,0,2,0,0,0,0
SHWN,63.78,-85.09,46000,8414,4923,2362,0,2,0,0,0,0
SHWN,63.78,-85.09,48000,8414,4923,2362,0,2,0,0,0,0
SHWN,63.78,-85.09,50000,8414,4923,2362,0,2,0,0,0,0
CRLN,64.19,-83.35,0,7787,4380,2423,0,2,0,0,0,0
CRLN,64.19,-83.35,2000,7787,4380,2423,0,2,0,0,0,0
CRLN,64.19,-83.35,4000,7787,4380,2423,0,2,0,0,0,0
CRLN,64.19,-83.35,6000,7787,4380,2423,0,2,0,0,0,0
CRLN,64.19,-83.35,8000,7787,4380,2423,0,2,0,0,0,0
CRLN,64.19,-83.35,10000,7787,4380,2423,0,2,0,0,0,0
CRLN,64.19,-83.35,12000,7787,4380,2423,0,2,0,0,0,0
CRLN,64.19,-83.35,14000,7787,4380,2423,0,2,0,0,0,0
CRLN,64.19,-83.35,16000,7787,4380,2423,0,2,0,0,0,0
CRLN,64.19,-83.35,18000,7787,4380,2423,0,2,0,0,0,0
CRLN,64.19,-83.35,20000,7787,4380,2423,0,2,0,0,0,0
CRLN,64.19,-83.35,22000,7787,4380,2423,0,2,0,0,0,0
CRLN,64.19,-83.35,24000,7787,4380,2423,0,2,0,0,0,0
CRLN,64.19,-83.35,26000,7787,4380,2423,0,2,0,0,0,0
CRLN,64.19,-83.35,28000,7787,4380,2423,0,2,0,0,0,0
CRLN,64.19,-83.35,30000,7787,4380,2423,0,2,0,0,0,0
CRLN,64.19,-83.35,32000,7787,4380,2423,0,2,0,0,0,0
CRLN,64.19,-83.35,34000,7787,4380,2423,0,2,0,0,0,0
CRLN,64.19,-83.35,36000,7787,4380,2423,0,2,0,0,0,0
CRLN,64.19,-83.35,38000,7787,4380,2423,0,2,0,0,0,0
CRLN,64.19,-83.35,40000,7787,4380,2423,0,2,0,0,0,0
CRLN,64.19,-83.35,41002,7787,4380,2423,0,2,0,0,0,0
CRLN,64.19,-83.35,42000,7823,5092,2270,0,2,0,0,0,0
CRLN,64.19,-83.35,44000,7823,5092,2270,0,2,0,0,0,0
CRLN,64.19,-83.35,46000,7823,5092,2270,0,2,0,0,0,0
CRLN,64.19,-83.35,48000,7823,5092,2270,0,2,0,0,0,0
CRLN,64.19,-83.35,50000,7823,5092,2270,0,2,0,0,0,0
DORN,64.23,-76.53,0,7143,4030,2421,0,2,0,0,0,0
DORN,64.23,-76.53,2000,7143,4030,2421,0,2,0,0,0,0
DORN,64.23,-76.53,4000,7143,4030,2421,0,2,0,0,0,0
DORN,64.23,-76.53,6000,7143,4030,2421,0,2,0,0,0,0
DORN,64.23,-76.53,8000,7143,4030,2421,0,2,0,0,0,0
DORN,64.23,-76.53,10000,7143,4030,2421,0,2,0,0,0,0
DORN,64.23,-76.53,12000,7143,4030,2421,0,2,0,0,0,0
DORN,64.23,-76.53,14000,7143,4030,2421,0,2,0,0,0,0
DORN,64.23,-76.53,16000,7143,4030,2421,0,2,0,0,0,0
DORN,64.23,-76.53,18000,7143,4030,2421,0,2,0,0,0,0
DORN,64.23,-76.53,20000,7143,4030,2421,0,2,0,0,0,0
DORN,64.23,-76.53,22000,7143,4030,2421,0,2,0,0,0,0
DORN,64.23,-76.53,24000,7143,4030,2421,0,2,0,0,0,0
DORN,64.23,-76.53,26000,7143,4030,2421,0,2,0,0,0,0
DORN,64.23,-76.53,28000,7143,4030,2421,0,2,0,0,0,0
DORN,64.23,-76.53,30000,7143,4030,2421,0,2,0,0,0,0
DORN,64.23,-76.53,32000,7143,4030,2421,0,2,0,0,0,0
DORN,64.23,-76.53,34000,7143,4030,2421,0,2,0,0,0,0
DORN,64.23,-76.53,36000,7143,4030,2421,0,2,0,0,0,0
DORN,64.23,-76.53,38000,7143,4030,2421,0,2,0,0,0,0
DORN,64.23,-76.53,40000,7143,4030,2421,0,2,0,0,0,0
DORN,64.23,-76.53,40352,7143,4030,2421,0,2,0,0,0,0
DORN,64.23,-76.53,42000,8576,5211,2374,0,2,0,0,0,0
DORN,64.23,-76.53,44000,8576,5211,2374,0,2,0,0,0,0
DORN,64.23,-76.53,46000,8576,5211,2374,0,2,0,0,0,0
DORN,64.23,-76.53,48000,8576,5211,2374,0,2,0,0,0,0
DORN,64.23,-76.53,50000,8576,5211,2374,0,2,0,0,0,0
BLKN,64.32,-96,0,5905,3401,2587,0,5,0,0,0,0
BLKN,64.32,-96,2000,5905,3401,2587,0,5,0,0,0,0
BLKN,64.32,-96,4000,5905,3401,2587,0,5,0,0,0,0
BLKN,64.32,-96,6000,5905,3401,2587,0,5,0,0,0,0
BLKN,64.32,-96,7558,5905,3401,2587,0,5,0,0,0,0
BLKN,64.32,-96,8000,6610,3891,2499,0,5,0,0,0,0
BLKN,64.32,-96,10000,6610,3891,2499,0,5,0,0,0,0
BLKN,64.32,-96,12000,6610,3891,2499,0,5,0,0,0,0
BLKN,64.32,-96,14000,6610,3891,2499,0,5,0,0,0,0
BLKN,64.32,-96,16000,6610,3891,2499,0,5,0,0,0,0
BLKN,64.32,-96,18000,6610,3891,2499,0,5,0,0,0,0
BLKN,64.32,-96,20000,6610,3891,2499,0,5,0,0,0,0
BLKN,64.32,-96,20587,6610,3891,2499,0,5,0,0,0,0
BLKN,64.32,-96,22000,7206,3853,3012,0,5,0,0,0,0
BLKN,64.32,-96,24000,7206,3853,3012,0,5,0,0,0,0
BLKN,64.32,-96,26000,7206,3853,3012,0,5,0,0,0,0
BLKN,64.32,-96,28000,7206,3853,3012,0,5,0,0,0,0
BLKN,64.32,-96,30000,7206,3853,3012,0,5,0,0,0,0
BLKN,64.32,-96,32000,7206,3853,3012,0,5,0,0,0,0
BLKN,64.32,-96,34000,7206,3853,3012,0,5,0,0,0,0
BLKN,64.32,-96,35412,7206,3853,3012,0,5,0,0,0,0
BLKN,64.32,-96,36000,6369,4761,3014,0,5,0,0,0,0
BLKN,64.32,-96,38000,6369,4761,3014,0,5,0,0,0,0
BLKN,64.32,-96,40000,6369,4761,3014,0,5,0,0,0,0
BLKN,64.32,-96,41553,6369,4761,3014,0,5,0,0,0,0
BLKN,64.32,-96,42000,8439,4802,3351,0,5,0,0,0,0
BLKN,64.32,-96,44000,8439,4802,3351,0,5,0,0,0,0
BLKN,64.32,-96,46000,8439,4802,3351,0,5,0,0,0,0
BLKN,64.32,-96,48000,8439,4802,3351,0,5,0,0,0,0
BLKN,64.32,-96,50000,8439,4802,3351,0,5,0,0,0,0
SHMN,64.58,-84.11,0,7596,4444,2220,0,2,0,0,0,0
SHMN,64.58,-84.11,2000,7596,4444,2220,0,2,0,0,0,0
SHMN,64.58,-84.11,4000,7596,4444,2220,0,2,0,0,0,0
SHMN,64.58,-84.11,6000,7596,4444,2220,0,2,0,0,0,0
SHMN,64.58,-84.11,8000,7596,4444,2220,0,2,0,0,0,0
SHMN,64.58,-84.11,10000,7596,4444,2220,0,2,0,0,0,0
SHMN,64.58,-84.11,12000,7596,4444,2220,0,2,0,0,0,0
SHMN,64.58,-84.11,14000,7596,4444,2220,0,2,0,0,0,0
SHMN,64.58,-84.11,16000,7596,4444,2220,0,2,0,0,0,0
SHMN,64.58,-84.11,18000,7596,4444,2220,0,2,0,0,0,0
SHMN,64.58,-84.11,20000,7596,4444,2220,0,2,0,0,0,0
SHMN,64.58,-84.11,22000,7596,4444,2220,0,2,0,0,0,0
SHMN,64.58,-84.11,24000,7596,4444,2220,0,2,0,0,0,0
SHMN,64.58,-84.11,26000,7596,4444,2220,0,2,0,0,0,0
SHMN,64.58,-84.11,28000,7596,4444,2220,0,2,0,0,0,0
SHMN,64.58,-84.11,30000,7596,4444,2220,0,2,0,0,0,0
SHMN,64.58,-84.11,32000,7596,4444,2220,0,2,0,0,0,0
SHMN,64.58,-84.11,34000,7596,4444,2220,0,2,0,0,0,0
SHMN,64.58,-84.11,36000,7596,4444,2220,0,2,0,0,0,0
SHMN,64.58,-84.11,38000,7596,4444,2220,0,2,0,0,0,0
SHMN,64.58,-84.11,40000,7596,4444,2220,0,2,0,0,0,0
SHMN,64.58,-84.11,42000,7596,4444,2220,0,2,0,0,0,0
SHMN,64.58,-84.11,44000,7596,4444,2220,0,2,0,0,0,0
SHMN,64.58,-84.11,44328,7596,4444,2220,0,2,0,0,0,0
SHMN,64.58,-84.11,46000,7837,5643,2272,0,2,0,0,0,0
SHMN,64.58,-84.11,48000,7837,5643,2272,0,2,0,0,0,0
SHMN,64.58,-84.11,50000,7837,5643,2272,0,2,0,0,0,0
NUNN,65.21,-91.08,0,7132,4171,2429,0,2,0,0,0,0
NUNN,65.21,-91.08,2000,7132,4171,2429,0,2,0,0,0,0
NUNN,65.21,-91.08,4000,7132,4171,2429,0,2,0,0,0,0
NUNN,65.21,-91.08,6000,7132,4171,2429,0,2,0,0,0,0
NUNN,65.21,-91.08,8000,7132,4171,2429,0,2,0,0,0,0
NUNN,65.21,-91.08,10000,7132,4171,2429,0,2,0,0,0,0
NUNN,65.21,-91.08,12000,7132,4171,2429,0,2,0,0,0,0
NUNN,65.21,-91.08,14000,7132,4171,2429,0,2,0,0,0,0
NUNN,65.21,-91.08,16000,7132,4171,2429,0,2,0,0,0,0
NUNN,65.21,-91.08,18000,7132,4171,2429,0,2,0,0,0,0
NUNN,65.21,-91.08,20000,7132,4171,2429,0,2,0,0,0,0
NUNN,65.21,-91.08,22000,7132,4171,2429,0,2,0,0,0,0
NUNN,65.21,-91.08,24000,7132,4171,2429,0,2,0,0,0,0
NUNN,65.21,-91.08,26000,7132,4171,2429,0,2,0,0,0,0
NUNN,65.21,-91.08,28000,7132,4171,2429,0,2,0,0,0,0
NUNN,65.21,-91.08,30000,7132,4171,2429,0,2,0,0,0,0
NUNN,65.21,-91.08,32000,7132,4171,2429,0,2,0,0,0,0
NUNN,65.21,-91.08,34000,7132,4171,2429,0,2,0,0,0,0
NUNN,65.21,-91.08,36000,7132,4171,2429,0,2,0,0,0,0
NUNN,65.21,-91.08,38000,7132,4171,2429,0,2,0,0,0,0
NUNN,65.21,-91.08,40000,7132,4171,2429,0,2,0,0,0,0
NUNN,65.21,-91.08,40338,7132,4171,2429,0,2,0,0,0,0
NUNN,65.21,-91.08,42000,8001,5252,2767,0,2,0,0,0,0
NUNN,65.21,-91.08,44000,8001,5252,2767,0,2,0,0,0,0
NUNN,65.21,-91.08,46000,8001,5252,2767,0,2,0,0,0,0
NUNN,65.21,-91.08,48000,8001,5252,2767,0,2,0,0,0,0
NUNN,65.21,-91.08,50000,8001,5252,2767,0,2,0,0,0,0
WAGN,65.88,-89.44,0,6145,3881,2312,0,3,0,0,0,0
WAGN,65.88,-89.44,2000,6145,3881,2312,0,3,0,0,0,0
WAGN,65.88,-89.44,4000,6145,3881,2312,0,3,0,0,0,0
WAGN,65.88,-89.44,6000,6145,3881,2312,0,3,0,0,0,0
WAGN,65.88,-89.44,8000,6145,3881,2312,0,3,0,0,0,0
WAGN,65.88,-89.44,10000,6145,3881,2312,0,3,0,0,0,0
WAGN,65.88,-89.44,11296,6145,3881,2312,0,3,0,0,0,0
WAGN,65.88,-89.44,12000,6962,4035,2536,0,3,0,0,0,0
WAGN,65.88,-89.44,14000,6962,4035,2536,0,3,0,0,0,0
WAGN,65.88,-89.44,16000,6962,4035,2536,0,3,0,0,0,0
WAGN,65.88,-89.44,18000,6962,4035,2536,0,3,0,0,0,0
WAGN,65.88,-89.44,20000,6962,4035,2536,0,3,0,0,0,0
WAGN,65.88,-89.44,22000,6962,4035,2536,0,3,0,0,0,0
WAGN,65.88,-89.44,24000,6962,4035,2536,0,3,0,0,0,0
WAGN,65.88,-89.44,26000,6962,4035,2536,0,3,0,0,0,0
WAGN,65.88,-89.44,28000,6962,4035,2536,0,3,0,0,0,0
WAGN,65.88,-89.44,30000,6962,4035,2536,0,3,0,0,0,0
WAGN,65.88,-89.44,32000,6962,4035,2536,0,3,0,0,0,0
WAGN,65.88,-89.44,34000,6962,4035,2536,0,3,0,0,0,0
WAGN,65.88,-89.44,34977,6962,4035,2536,0,3,0,0,0,0
WAGN,65.88,-89.44,36000,8999,4542,2851,0,3,0,0,0,0
WAGN,65.88,-89.44,38000,8999,4542,2851,0,3,0,0,0,0
WAGN,65.88,-89.44,40000,8999,4542,2851,0,3,0,0,0,0
WAGN,65.88,-89.44,42000,8999,4542,2851,0,3,0,0,0,0
WAGN,65.88,-89.44,44000,8999,4542,2851,0,3,0,0,0,0
WAGN,65.88,-89.44,46000,8999,4542,2851,0,3,0,0,0,0
WAGN,65.88,-89.44,48000,8999,4542,2851,0,3,0,0,0,0
WAGN,65.88,-89.44,50000,8999,4542,2851,0,3,0,0,0,0
BULN,66.4,-93.13,0,7525,4537,1976,0,2,0,0,0,0
BULN,66.4,-93.13,2000,7525,4537,1976,0,2,0,0,0,0
BULN,66.4,-93.13,4000,7525,4537,1976,0,2,0,0,0,0
BULN,66.4,-93.13,6000,7525,4537,1976,0,2,0,0,0,0
BULN,66.4,-93.13,8000,7525,4537,1976,0,2,0,0,0,0
BULN,66.4,-93.13,10000,7525,4537,1976,0,2,0,0,0,0
BULN,66.4,-93.13,12000,7525,4537,1976,0,2,0,0,0,0
BULN,66.4,-93.13,14000,7525,4537,1976,0,2,0,0,0,0
BULN,66.4,-93.13,16000,7525,4537,1976,0,2,0,0,0,0
BULN,66.4,-93.13,18000,7525,4537,1976,0,2,0,0,0,0
BULN,66.4,-93.13,20000,7525,4537,1976,0,2,0,0,0,0
BULN,66.4,-93.13,22000,7525,4537,1976,0,2,0,0,0,0
BULN,66.4,-93.13,24000,7525,4537,1976,0,2,0,0,0,0
BULN,66.4,-93.13,26000,7525,4537,1976,0,2,0,0,0,0
BULN,66.4,-93.13,28000,7525,4537,1976,0,2,0,0,0,0
BULN,66.4,-93.13,30000,7525,4537,1976,0,2,0,0,0,0
BULN,66.4,-93.13,32000,7525,4537,1976,0,2,0,0,0,0
BULN,66.4,-93.13,34000,7525,4537,1976,0,2,0,0,0,0
BULN,66.4,-93.13,36000,7525,4537,1976,0,2,0,0,0,0
BULN,66.4,-93.13,38000,7525,4537,1976,0,2,0,0,0,0
BULN,66.4,-93.13,40000,7525,4537,1976,0,2,0,0,0,0
BULN,66.4,-93.13,42000,7525,4537,1976,0,2,0,0,0,0
BULN,66.4,-93.13,44000,7525,4537,1976,0,2,0,0,0,0
BULN,66.4,-93.13,44685,7525,4537,1976,0,2,0,0,0,0
BULN,66.4,-93.13,46000,8108,5563,2304,0,2,0,0,0,0
BULN,66.4,-93.13,48000,8108,5563,2304,0,2,0,0,0,0
BULN,66.4,-93.13,50000,8108,5563,2304,0,2,0,0,0,0
QILN,66.65,-86.37,0,6727,3945,2382,0,2,0,0,0,0
QILN,66.65,-86.37,2000,6727,3945,2382,0,2,0,0,0,0
QILN,66.65,-86.37,4000,6727,3945,2382,0,2,0,0,0,0
QILN,66.65,-86.37,6000,6727,3945,2382,0,2,0,0,0,0
QILN,66.65,-86.37,8000,6727,3945,2382,0,2,0,0,0,0
QILN,66.65,-86.37,10000,6727,3945,2382,0,2,0,0,0,0
QILN,66.65,-86.37,12000,6727,3945,2382,0,2,0,0,0,0
QILN,66.65,-86.37,14000,6727,3945,2382,0,2,0,0,0,0
QILN,66.65,-86.37,16000,6727,3945,2382,0,2,0,0,0,0
QILN,66.65,-86.37,18000,6727,3945,2382,0,2,0,0,0,0
QILN,66.65,-86.37,20000,6727,3945,2382,0,2,0,0,0,0
QILN,66.65,-86.37,22000,6727,3945,2382,0,2,0,0,0,0
QILN,66.65,-86.37,24000,6727,3945,2382,0,2,0,0,0,0
QILN,66.65,-86.37,26000,6727,3945,2382,0,2,0,0,0,0
QILN,66.65,-86.37,28000,6727,3945,2382,0,2,0,0,0,0
QILN,66.65,-86.37,30000,6727,3945,2382,0,2,0,0,0,0
QILN,66.65,-86.37,32000,6727,3945,2382,0,2,0,0,0,0
QILN,66.65,-86.37,34000,6727,3945,2382,0,2,0,0,0,0
QILN,66.65,-86.37,36000,6727,3945,2382,0,2,0,0,0,0
QILN,66.65,-86.37,38000,6727,3945,2382,0,2,0,0,0,0
QILN,66.65,-86.37,38908,6727,3945,2382,0,2,0,0,0,0
QILN,66.65,-86.37,40000,8115,4977,2508,0,2,0,0,0,0
QILN,66.65,-86.37,42000,8115,4977,2508,0,2,0,0,0,0
QILN,66.65,-86.37,44000,8115,4977,2508,0,2,0,0,0,0
QILN,66.65,-86.37,46000,8115,4977,2508,0,2,0,0,0,0
QILN,66.65,-86.37,48000,8115,4977,2508,0,2,0,0,0,0
QILN,66.65,-86.37,50000,8115,4977,2508,0,2,0,0,0,0
STLN,67.31,-92.98,0,7110,4231,2320,0,2,0,0,0,0
STLN,67.31,-92.98,2000,7110,4231,2320,0,2,0,0,0,0
STLN,67.31,-92.98,4000,7110,4231,2320,0,2,0,0,0,0
STLN,67.31,-92.98,6000,7110,4231,2320,0,2,0,0,0,0
STLN,67.31,-92.98,8000,7110,4231,2320,0,2,0,0,0,0
STLN,67.31,-92.98,10000,7110,4231,2320,0,2,0,0,0,0
STLN,67.31,-92.98,12000,7110,4231,2320,0,2,0,0,0,0
STLN,67.31,-92.98,14000,7110,4231,2320,0,2,0,0,0,0
STLN,67.31,-92.98,16000,7110,4231,2320,0,2,0,0,0,0
STLN,67.31,-92.98,18000,7110,4231,2320,0,2,0,0,0,0
STLN,67.31,-92.98,20000,7110,4231,2320,0,2,0,0,0,0
STLN,67.31,-92.98,22000,7110,4231,2320,0,2,0,0,0,0
STLN,67.31,-92.98,24000,7110,4231,2320,0,2,0,0,0,0
STLN,67.31,-92.98,26000,7110,4231,2320,0,2,0,0,0,0
STLN,67.31,-92.98,28000,7110,4231,2320,0,2,0,0,0,0
STLN,67.31,-92.98,30000,7110,4231,2320,0,2,0,0,0,0
STLN,67.31,-92.98,32000,7110,4231,2320,0,2,0,0,0,0
STLN,67.31,-92.98,34000,7110,4231,2320,0,2,0,0,0,0
STLN,67.31,-92.98,36000,7110,4231,2320,0,2,0,0,0,0
STLN,67.31,-92.98,38000,7110,4231,2320,0,2,0,0,0,0
STLN,67.31,-92.98,40000,7110,4231,2320,0,2,0,0,0,0
STLN,67.31,-92.98,42000,7110,4231,2320,0,2,0,0,0,0
STLN,67.31,-92.98,43184,7110,4231,2320,0,2,0,0,0,0
STLN,67.31,-92.98,44000,8057,5303,2306,0,2,0,0,0,0
STLN,67.31,-92.98,46000,8057,5303,2306,0,2,0,0,0,0
STLN,67.31,-92.98,48000,8057,5303,2306,0,2,0,0,0,0
STLN,67.31,-92.98,50000,8057,5303,2306,0,2,0,0,0,0
KUGN,68.09,-90.06,0,7874,4550,2383,0,2,0,0,0,0
KUGN,68.09,-90.06,2000,7874,4550,2383,0,2,0,0,0,0
KUGN,68.09,-90.06,4000,7874,4550,2383,0,2,0,0,0,0
KUGN,68.09,-90.06,6000,7874,4550,2383,0,2,0,0,0,0
KUGN,68.09,-90.06,8000,7874,4550,2383,0,2,0,0,0,0
KUGN,68.09,-90.06,10000,7874,4550,2383,0,2,0,0,0,0
KUGN,68.09,-90.06,12000,7874,4550,2383,0,2,0,0,0,0
KUGN,68.09,-90.06,14000,7874,4550,2383,0,2,0,0,0,0
KUGN,68.09,-90.06,16000,7874,4550,2383,0,2,0,0,0,0
KUGN,68.09,-90.06,18000,7874,4550,2383,0,2,0,0,0,0
KUGN,68.09,-90.06,20000,7874,4550,2383,0,2,0,0,0,0
KUGN,68.09,-90.06,22000,7874,4550,2383,0,2,0,0,0,0
KUGN,68.09,-90.06,24000,7874,4550,2383,0,2,0,0,0,0
KUGN,68.09,-90.06,26000,7874,4550,2383,0,2,0,0,0,0
KUGN,68.09,-90.06,28000,7874,4550,2383,0,2,0,0,0,0
KUGN,68.09,-90.06,30000,7874,4550,2383,0,2,0,0,0,0
KUGN,68.09,-90.06,32000,7874,4550,2383,0,2,0,0,0,0
KUGN,68.09,-90.06,34000,7874,4550,2383,0,2,0,0,0,0
KUGN,68.09,-90.06,36000,7874,4550,2383,0,2,0,0,0,0
KUGN,68.09,-90.06,38000,7874,4550,2383,0,2,0,0,0,0
KUGN,68.09,-90.06,40000,7874,4550,2383,0,2,0,0,0,0
KUGN,68.09,-90.06,42000,7874,4550,2383,0,2,0,0,0,0
KUGN,68.09,-90.06,42796,7874,4550,2383,0,2,0,0,0,0
KUGN,68.09,-90.06,44000,8543,5718,2367,0,2,0,0,0,0
KUGN,68.09,-90.06,46000,8543,5718,2367,0,2,0,0,0,0
KUGN,68.09,-90.06,48000,8543,5718,2367,0,2,0,0,0,0
KUGN,68.09,-90.06,50000,8543,5718,2367,0,2,0,0,0,0
SRLN,68.55,-83.32,0,6105,3872,2439,0,3,0,0,0,0
SRLN,68.55,-83.32,2000,6105,3872,2439,0,3,0,0,0,0
SRLN,68.55,-83.32,4000,6105,3872,2439,0,3,0,0,0,0
SRLN,68.55,-83.32,6000,6105,3872,2439,0,3,0,0,0,0
SRLN,68.55,-83.32,8000,6105,3872,2439,0,3,0,0,0,0
SRLN,68.55,-83.32,10000,6105,3872,2439,0,3,0,0,0,0
SRLN,68.55,-83.32,12000,6105,3872,2439,0,3,0,0,0,0
SRLN,68.55,-83.32,14000,6105,3872,2439,0,3,0,0,0,0
SRLN,68.55,-83.32,16000,6105,3872,2439,0,3,0,0,0,0
SRLN,68.55,-83.32,16941,6105,3872,2439,0,3,0,0,0,0
SRLN,68.55,-83.32,18000,7230,4082,2584,0,3,0,0,0,0
SRLN,68.55,-83.32,20000,7230,4082,2584,0,3,0,0,0,0
SRLN,68.55,-83.32,22000,7230,4082,2584,0,3,0,0,0,0
SRLN,68.55,-83.32,24000,7230,4082,2584,0,3,0,0,0,0
SRLN,68.55,-83.32,26000,7230,4082,2584,0,3,0,0,0,0
SRLN,68.55,-83.32,28000,7230,4082,2584,0,3,0,0,0,0
SRLN,68.55,-83.32,30000,7230,4082,2584,0,3,0,0,0,0
SRLN,68.55,-83.32,32000,7230,4082,2584,0,3,0,0,0,0
SRLN,68.55,-83.32,34000,7230,4082,2584,0,3,0,0,0,0
SRLN,68.55,-83.32,36000,7230,4082,2584,0,3,0,0,0,0
SRLN,68.55,-83.32,38000,7230,4082,2584,0,3,0,0,0,0
SRLN,68.55,-83.32,40000,7230,4082,2584,0,3,0,0,0,0
SRLN,68.55,-83.32,40313,7230,4082,2584,0,3,0,0,0,0
SRLN,68.55,-83.32,42000,8182,4968,2877,0,3,0,0,0,0
SRLN,68.55,-83.32,44000,8182,4968,2877,0,3,0,0,0,0
SRLN,68.55,-83.32,46000,8182,4968,2877,0,3,0,0,0,0
SRLN,68.55,-83.32,48000,8182,4968,2877,0,3,0,0,0,0
SRLN,68.55,-83.32,50000,8182,4968,2877,0,3,0,0,0,0
SMLN,68.59,-91.94,0,6848,3997,2404,0,2,0,0,0,0
SMLN,68.59,-91.94,2000,6848,3997,2404,0,2,0,0,0,0
SMLN,68.59,-91.94,4000,6848,3997,2404,0,2,0,0,0,0
SMLN,68.59,-91.94,6000,6848,3997,2404,0,2,0,0,0,0
SMLN,68.59,-91.94,8000,6848,3997,2404,0,2,0,0,0,0
SMLN,68.59,-91.94,10000,6848,3997,2404,0,2,0,0,0,0
SMLN,68.59,-91.94,12000,6848,3997,2404,0,2,0,0,0,0
SMLN,68.59,-91.94,14000,6848,3997,2404,0,2,0,0,0,0
SMLN,68.59,-91.94,16000,6848,3997,2404,0,2,0,0,0,0
SMLN,68.59,-91.94,18000,6848,3997,2404,0,2,0,0,0,0
SMLN,68.59,-91.94,20000,6848,3997,2404,0,2,0,0,0,0
SMLN,68.59,-91.94,22000,6848,3997,2404,0,2,0,0,0,0
SMLN,68.59,-91.94,24000,6848,3997,2404,0,2,0,0,0,0
SMLN,68.59,-91.94,26000,6848,3997,2404,0,2,0,0,0,0
SMLN,68.59,-91.94,28000,6848,3997,2404,0,2,0,0,0,0
SMLN,68.59,-91.94,30000,6848,3997,2404,0,2,0,0,0,0
SMLN,68.59,-91.94,32000,6848,3997,2404,0,2,0,0,0,0
SMLN,68.59,-91.94,34000,6848,3997,2404,0,2,0,0,0,0
SMLN,68.59,-91.94,36000,6848,3997,2404,0,2,0,0,0,0
SMLN,68.59,-91.94,38000,6848,3997,2404,0,2,0,0,0,0
SMLN,68.59,-91.94,40000,6848,3997,2404,0,2,0,0,0,0
SMLN,68.59,-91.94,41999,6848,3997,2404,0,2,0,0,0,0
SMLN,68.59,-91.94,42000,8193,4901,2362,0,2,0,0,0,0
SMLN,68.59,-91.94,44000,8193,4901,2362,0,2,0,0,0,0
SMLN,68.59,-91.94,46000,8193,4901,2362,0,2,0,0,0,0
SMLN,68.59,-91.94,48000,8193,4901,2362,0,2,0,0,0,0
SMLN,68.59,-91.94,50000,8193,4901,2362,0,2,0,0,0,0
LAIN,69.11,-83.54,0,7140,4087,2240,0,2,0,0,0,0
LAIN,69.11,-83.54,2000,7140,4087,2240,0,2,0,0,0,0
LAIN,69.11,-83.54,4000,7140,4087,2240,0,2,0,0,0,0
LAIN,69.11,-83.54,6000,7140,4087,2240,0,2,0,0,0,0
LAIN,69.11,-83.54,8000,7140,4087,2240,0,2,0,0,0,0
LAIN,69.11,-83.54,10000,7140,4087,2240,0,2,0,0,0,0
LAIN,69.11,-83.54,12000,7140,4087,2240,0,2,0,0,0,0
LAIN,69.11,-83.54,14000,7140,4087,2240,0,2,0,0,0,0
LAIN,69.11,-83.54,16000,7140,4087,2240,0,2,0,0,0,0
LAIN,69.11,-83.54,18000,7140,4087,2240,0,2,0,0,0,0
LAIN,69.11,-83.54,20000,7140,4087,2240,0,2,0,0,0,0
LAIN,69.11,-83.54,22000,7140,4087,2240,0,2,0,0,0,0
LAIN,69.11,-83.54,24000,7140,4087,2240,0,2,0,0,0,0
LAIN,69.11,-83.54,26000,7140,4087,2240,0,2,0,0,0,0
LAIN,69.11,-83.54,28000,7140,4087,2240,0,2,0,0,0,0
LAIN,69.11,-83.54,30000,7140,4087,2240,0,2,0,0,0,0
LAIN,69.11,-83.54,32000,7140,4087,2240,0,2,0,0,0,0
LAIN,69.11,-83.54,34000,7140,4087,2240,0,2,0,0,0,0
LAIN,69.11,-83.54,36000,7140,4087,2240,0,2,0,0,0,0
LAIN,69.11,-83.54,38000,7140,4087,2240,0,2,0,0,0,0
LAIN,69.11,-83.54,40000,7140,4087,2240,0,2,0,0,0,0
LAIN,69.11,-83.54,42000,7140,4087,2240,0,2,0,0,0,0
LAIN,69.11,-83.54,44000,7140,4087,2240,0,2,0,0,0,0
LAIN,69.11,-83.54,44150,7140,4087,2240,0,2,0,0,0,0
LAIN,69.11,-83.54,46000,8157,4723,2678,0,2,0,0,0,0
LAIN,69.11,-83.54,48000,8157,4723,2678,0,2,0,0,0,0
LAIN,69.11,-83.54,50000,8157,4723,2678,0,2,0,0,0,0
ILON,69.37,-81.82,0,6476,3919,2373,0,3,0,0,0,0
ILON,69.37,-81.82,2000,6476,3919,2373,0,3,0,0,0,0
ILON,69.37,-81.82,4000,6476,3919,2373,0,3,0,0,0,0
ILON,69.37,-81.82,6000,6476,3919,2373,0,3,0,0,0,0
ILON,69.37,-81.82,8000,6476,3919,2373,0,3,0,0,0,0
ILON,69.37,-81.82,10000,6476,3919,2373,0,3,0,0,0,0
ILON,69.37,-81.82,12000,6476,3919,2373,0,3,0,0,0,0
ILON,69.37,-81.82,14000,6476,3919,2373,0,3,0,0,0,0
ILON,69.37,-81.82,16000,6476,3919,2373,0,3,0,0,0,0
ILON,69.37,-81.82,18000,6476,3919,2373,0,3,0,0,0,0
ILON,69.37,-81.82,20000,6476,3919,2373,0,3,0,0,0,0
ILON,69.37,-81.82,20994,6476,3919,2373,0,3,0,0,0,0
ILON,69.37,-81.82,22000,7342,3978,2790,0,3,0,0,0,0
ILON,69.37,-81.82,24000,7342,3978,2790,0,3,0,0,0,0
ILON,69.37,-81.82,26000,7342,3978,2790,0,3,0,0,0,0
ILON,69.37,-81.82,28000,7342,3978,2790,0,3,0,0,0,0
ILON,69.37,-81.82,30000,7342,3978,2790,0,3,0,0,0,0
ILON,69.37,-81.82,32000,7342,3978,2790,0,3,0,0,0,0
ILON,69.37,-81.82,34000,7342,3978,2790,0,3,0,0,0,0
ILON,69.37,-81.82,36000,7342,3978,2790,0,3,0,0,0,0
ILON,69.37,-81.82,38000,7342,3978,2790,0,3,0,0,0,0
ILON,69.37,-81.82,39710,7342,3978,2790,0,3,0,0,0,0
ILON,69.37,-81.82,40000,8589,4866,2804,0,3,0,0,0,0
ILON,69.37,-81.82,42000,8589,4866,2804,0,3,0,0,0,0
ILON,69.37,-81.82,44000,8589,4866,2804,0,3,0,0,0,0
ILON,69.37,-81.82,46000,8589,4866,2804,0,3,0,0,0,0
ILON,69.37,-81.82,48000,8589,4866,2804,0,3,0,0,0,0
ILON,69.37,-81.82,50000,8589,4866,2804,0,3,0,0,0,0
AP3N,69.46,-84.46,0,6633,3842,2212,0,2,0,0,0,0
AP3N,69.46,-84.46,2000,6633,3842,2212,0,2,0,0,0,0
AP3N,69.46,-84.46,4000,6633,3842,2212,0,2,0,0,0,0
AP3N,69.46,-84.46,6000,6633,3842,2212,0,2,0,0,0,0
AP3N,69.46,-84.46,8000,6633,3842,2212,0,2,0,0,0,0
AP3N,69.46,-84.46,10000,6633,3842,2212,0,2,0,0,0,0
AP3N,69.46,-84.46,12000,6633,3842,2212,0,2,0,0,0,0
AP3N,69.46,-84.46,14000,6633,3842,2212,0,2,0,0,0,0
AP3N,69.46,-84.46,16000,6633,3842,2212,0,2,0,0,0,0
AP3N,69.46,-84.46,18000,6633,3842,2212,0,2,0,0,0,0
AP3N,69.46,-84.46,20000,6633,3842,2212,0,2,0,0,0,0
AP3N,69.46,-84.46,22000,6633,3842,2212,0,2,0,0,0,0
AP3N,69.46,-84.46,24000,6633,3842,2212,0,2,0,0,0,0
AP3N,69.46,-84.46,26000,6633,3842,2212,0,2,0,0,0,0
AP3N,69.46,-84.46,28000,6633,3842,2212,0,2,0,0,0,0
AP3N,69.46,-84.46,30000,6633,3842,2212,0,2,0,0,0,0
AP3N,69.46,-84.46,32000,6633,3842,2212,0,2,0,0,0,0
AP3N,69.46,-84.46,34000,6633,3842,2212,0,2,0,0,0,0
AP3N,69.46,-84.46,36000,6633,3842,2212,0,2,0,0,0,0
AP3N,69.46,-84.46,38000,6633,3842,2212,0,2,0,0,0,0
AP3N,69.46,-84.46,40000,6633,3842,2212,0,2,0,0,0,0
AP3N,69.46,-84.46,40286,6633,3842,2212,0,2,0,0,0,0
AP3N,69.46,-84.46,42000,8499,4701,2419,0,2,0,0,0,0
AP3N,69.46,-84.46,44000,8499,4701,2419,0,2,0,0,0,0
AP3N,69.46,-84.46,46000,8499,4701,2419,0,2,0,0,0,0
AP3N,69.46,-84.46,48000,8499,4701,2419,0,2,0,0,0,0
AP3N,69.46,-84.46,50000,8499,4701,2419,0,2,0,0,0,0
GIFN,69.99,-81.64,0,7069,3990,2402,0,2,0,0,0,0
GIFN,69.99,-81.64,2000,7069,3990,2402,0,2,0,0,0,0
GIFN,69.99,-81.64,4000,7069,3990,2402,0,2,0,0,0,0
GIFN,69.99,-81.64,6000,7069,3990,2402,0,2,0,0,0,0
GIFN,69.99,-81.64,8000,7069,3990,2402,0,2,0,0,0,0
GIFN,69.99,-81.64,10000,7069,3990,2402,0,2,0,0,0,0
GIFN,69.99,-81.64,12000,7069,3990,2402,0,2,0,0,0,0
GIFN,69.99,-81.64,14000,7069,3990,2402,0,2,0,0,0,0
GIFN,69.99,-81.64,16000,7069,3990,2402,0,2,0,0,0,0
GIFN,69.99,-81.64,18000,7069,3990,2402,0,2,0,0,0,0
GIFN,69.99,-81.64,20000,7069,3990,2402,0,2,0,0,0,0
GIFN,69.99,-81.64,22000,7069,3990,2402,0,2,0,0,0,0
GIFN,69.99,-81.64,24000,7069,3990,2402,0,2,0,0,0,0
GIFN,69.99,-81.64,26000,7069,3990,2402,0,2,0,0,0,0
GIFN,69.99,-81.64,28000,7069,3990,2402,0,2,0,0,0,0
GIFN,69.99,-81.64,30000,7069,3990,2402,0,2,0,0,0,0
GIFN,69.99,-81.64,32000,7069,3990,2402,0,2,0,0,0,0
GIFN,69.99,-81.64,34000,7069,3990,2402,0,2,0,0,0,0
GIFN,69.99,-81.64,36000,7069,3990,2402,0,2,0,0,0,0
GIFN,69.99,-81.64,38000,7069,3990,2402,0,2,0,0,0,0
GIFN,69.99,-81.64,40000,7069,3990,2402,0,2,0,0,0,0
GIFN,69.99,-81.64,42000,7069,3990,2402,0,2,0,0,0,0
GIFN,69.99,-81.64,44000,7069,3990,2402,0,2,0,0,0,0
GIFN,69.99,-81.64,44435,7069,3990,2402,0,2,0,0,0,0
GIFN,69.99,-81.64,46000,8741,4843,2675,0,2,0,0,0,0
GIFN,69.99,-81.64,48000,8741,4843,2675,0,2,0,0,0,0
GIFN,69.99,-81.64,50000,8741,4843,2675,0,2,0,0,0,0
MARN,71.33,-79.37,0,6844,3957,2281,0,2,0,0,0,0
MARN,71.33,-79.37,2000,6844,3957,2281,0,2,0,0,0,0
MARN,71.33,-79.37,4000,6844,3957,2281,0,2,0,0,0,0
MARN,71.33,-79.37,6000,6844,3957,2281,0,2,0,0,0,0
MARN,71.33,-79.37,8000,6844,3957,2281,0,2,0,0,0,0
MARN,71.33,-79.37,10000,6844,3957,2281,0,2,0,0,0,0
MARN,71.33,-79.37,12000,6844,3957,2281,0,2,0,0,0,0
MARN,71.33,-79.37,14000,6844,3957,2281,0,2,0,0,0,0
MARN,71.33,-79.37,16000,6844,3957,2281,0,2,0,0,0,0
MARN,71.33,-79.37,18000,6844,3957,2281,0,2,0,0,0,0
MARN,71.33,-79.37,20000,6844,3957,2281,0,2,0,0,0,0
MARN,71.33,-79.37,22000,6844,3957,2281,0,2,0,0,0,0
MARN,71.33,-79.37,24000,6844,3957,2281,0,2,0,0,0,0
MARN,71.33,-79.37,26000,6844,3957,2281,0,2,0,0,0,0
MARN,71.33,-79.37,28000,6844,3957,2281,0,2,0,0,0,0
MARN,71.33,-79.37,30000,6844,3957,2281,0,2,0,0,0,0
MARN,71.33,-79.37,32000,6844,3957,2281,0,2,0,0,0,0
MARN,71.33,-79.37,34000,6844,3957,2281,0,2,0,0,0,0
MARN,71.33,-79.37,36000,6844,3957,2281,0,2,0,0,0,0
MARN,71.33,-79.37,38000,6844,3957,2281,0,2,0,0,0,0
MARN,71.33,-79.37,40000,6844,3957,2281,0,2,0,0,0,0
MARN,71.33,-79.37,42000,6844,3957,2281,0,2,0,0,0,0
MARN,71.33,-79.37,42498,6844,3957,2281,0,2,0,0,0,0
MARN,71.33,-79.37,44000,8664,5224,2204,0,2,0,0,0,0
MARN,71.33,-79.37,46000,8664,5224,2204,0,2,0,0,0,0
MARN,71.33,-79.37,48000,8664,5224,2204,0,2,0,0,0,0
MARN,71.33,-79.37,50000,8664,5224,2204,0,2,0,0,0,0
POIN,72.7,-77.96,0,6125,3960,2312,0,3,0,0,0,0
POIN,72.7,-77.96,2000,6125,3960,2312,0,3,0,0,0,0
POIN,72.7,-77.96,4000,6125,3960,2312,0,3,0,0,0,0
POIN,72.7,-77.96,6000,6125,3960,2312,0,3,0,0,0,0
POIN,72.7,-77.96,8000,6125,3960,2312,0,3,0,0,0,0
POIN,72.7,-77.96,10000,6125,3960,2312,0,3,0,0,0,0
POIN,72.7,-77.96,12000,6125,3960,2312,0,3,0,0,0,0
POIN,72.7,-77.96,12063,6125,3960,2312,0,3,0,0,0,0
POIN,72.7,-77.96,14000,6698,4038,2644,0,3,0,0,0,0
POIN,72.7,-77.96,16000,6698,4038,2644,0,3,0,0,0,0
POIN,72.7,-77.96,18000,6698,4038,2644,0,3,0,0,0,0
POIN,72.7,-77.96,20000,6698,4038,2644,0,3,0,0,0,0
POIN,72.7,-77.96,22000,6698,4038,2644,0,3,0,0,0,0
POIN,72.7,-77.96,24000,6698,4038,2644,0,3,0,0,0,0
POIN,72.7,-77.96,26000,6698,4038,2644,0,3,0,0,0,0
POIN,72.7,-77.96,28000,6698,4038,2644,0,3,0,0,0,0
POIN,72.7,-77.96,30000,6698,4038,2644,0,3,0,0,0,0
POIN,72.7,-77.96,32000,6698,4038,2644,0,3,0,0,0,0
POIN,72.7,-77.96,34000,6698,4038,2644,0,3,0,0,0,0
POIN,72.7,-77.96,35775,6698,4038,2644,0,3,0,0,0,0
POIN,72.7,-77.96,36000,8053,4673,3083,0,3,0,0,0,0
POIN,72.7,-77.96,38000,8053,4673,3083,0,3,0,0,0,0
POIN,72.7,-77.96,40000,8053,4673,3083,0,3,0,0,0,0
POIN,72.7,-77.96,42000,8053,4673,3083,0,3,0,0,0,0
POIN,72.7,-77.96,44000,8053,4673,3083,0,3,0,0,0,0
POIN,72.7,-77.96,46000,8053,4673,3083,0,3,0,0,0,0
POIN,72.7,-77.96,48000,8053,4673,3083,0,3,0,0,0,0
POIN,72.7,-77.96,50000,8053,4673,3083,0,3,0,0,0,0
RES,74.69,-94.9,0,6088,3363,2231,0,5,0,0,0,0
RES,74.69,-94.9,2000,6088,3363,2231,0,5,0,0,0,0
RES,74.69,-94.9,4000,6088,3363,2231,0,5,0,0,0,0
RES,74.69,-94.9,6000,6088,3363,2231,0,5,0,0,0,0
RES,74.69,-94.9,7292,6088,3363,2231,0,5,0,0,0,0
RES,74.69,-94.9,8000,6638,3686,2325,0,5,0,0,0,0
RES,74.69,-94.9,10000,6638,3686,2325,0,5,0,0,0,0
RES,74.69,-94.9,12000,6638,3686,2325,0,5,0,0,0,0
RES,74.69,-94.9,14000,6638,3686,2325,0,5,0,0,0,0
RES,74.69,-94.9,14508,6638,3686,2325,0,5,0,0,0,0
RES,74.69,-94.9,16000,6983,4174,3070,0,5,0,0,0,0
RES,74.69,-94.9,18000,6983,4174,3070,0,5,0,0,0,0
RES,74.69,-94.9,20000,6983,4174,3070,0,5,0,0,0,0
RES,74.69,-94.9,22000,6983,4174,3070,0,5,0,0,0,0
RES,74.69,-94.9,24000,6983,4174,3070,0,5,0,0,0,0
RES,74.69,-94.9,26000,6983,4174,3070,0,5,0,0,0,0
RES,74.69,-94.9,28000,6983,4174,3070,0,5,0,0,0,0
RES,74.69,-94.9,28113,6983,4174,3070,0,5,0,0,0,0
RES,74.69,-94.9,30000,7699,4341,3242,0,5,0,0,0,0
RES,74.69,-94.9,32000,7699,4341,3242,0,5,0,0,0,0
RES,74.69,-94.9,34000,7699,4341,3242,0,5,0,0,0,0
RES,74.69,-94.9,36000,7699,4341,3242,0,5,0,0,0,0
RES,74.69,-94.9,38000,7699,4341,3242,0,5,0,0,0,0
RES,74.69,-94.9,40000,7699,4341,3242,0,5,0,0,0,0
RES,74.69,-94.9,41719,7699,4341,3242,0,5,0,0,0,0
RES,74.69,-94.9,42000,8615,4982,3127,0,5,0,0,0,0
RES,74.69,-94.9,44000,8615,4982,3127,0,5,0,0,0,0
RES,74.69,-94.9,46000,8615,4982,3127,0,5,0,0,0,0
RES,74.69,-94.9,48000,8615,4982,3127,0,5,0,0,0,0
RES,74.69,-94.9,50000,8615,4982,3127,0,5,0,0,0,0
AXF,78.88,-75.78,0,6426,3932,2355,0,3,0,0,0,0
AXF,78.88,-75.78,2000,6426,3932,2355,0,3,0,0,0,0
AXF,78.88,-75.78,4000,6426,3932,2355,0,3,0,0,0,0
AXF,78.88,-75.78,6000,6426,3932,2355,0,3,0,0,0,0
AXF,78.88,-75.78,8000,6426,3932,2355,0,3,0,0,0,0
AXF,78.88,-75.78,10000,6426,3932,2355,0,3,0,0,0,0
AXF,78.88,-75.78,12000,6426,3932,2355,0,3,0,0,0,0
AXF,78.88,-75.78,14000,6426,3932,2355,0,3,0,0,0,0
AXF,78.88,-75.78,16000,6426,3932,2355,0,3,0,0,0,0
AXF,78.88,-75.78,17642,6426,3932,2355,0,3,0,0,0,0
AXF,78.88,-75.78,18000,7998,4102,2584,0,3,0,0,0,0
AXF,78.88,-75.78,20000,7998,4102,2584,0,3,0,0,0,0
AXF,78.88,-75.78,22000,7998,4102,2584,0,3,0,0,0,0
AXF,78.88,-75.78,24000,7998,4102,2584,0,3,0,0,0,0
AXF,78.88,-75.78,26000,7998,4102,2584,0,3,0,0,0,0
AXF,78.88,-75.78,28000,7998,4102,2584,0,3,0,0,0,0
AXF,78.88,-75.78,30000,7998,4102,2584,0,3,0,0,0,0
AXF,78.88,-75.78,32000,7998,4102,2584,0,3,0,0,0,0
AXF,78.88,-75.78,34000,7998,4102,2584,0,3,0,0,0,0
AXF,78.88,-75.78,36000,7998,4102,2584,0,3,0,0,0,0
AXF,78.88,-75.78,38000,7998,4102,2584,0,3,0,0,0,0
AXF,78.88,-75.78,40000,7998,4102,2584,0,3,0,0,0,0
AXF,78.88,-75.78,42000,7998,4102,2584,0,3,0,0,0,0
AXF,78.88,-75.78,42065,7998,4102,2584,0,3,0,0,0,0
AXF,78.88,-75.78,44000,8625,4721,2957,0,3,0,0,0,0
AXF,78.88,-75.78,46000,8625,4721,2957,0,3,0,0,0,0
AXF,78.88,-75.78,48000,8625,4721,2957,0,3,0,0,0,0
AXF,78.88,-75.78,50000,8625,4721,2957,0,3,0,0,0,0
CNF,79.66,-80.78,0,6006,3534,2366,0,4,0,0,0,0
CNF,79.66,-80.78,2000,6006,3534,2366,0,4,0,0,0,0
CNF,79.66,-80.78,4000,6006,3534,2366,0,4,0,0,0,0
CNF,79.66,-80.78,6000,6006,3534,2366,0,4,0,0,0,0
CNF,79.66,-80.78,8000,6006,3534,2366,0,4,0,0,0,0
CNF,79.66,-80.78,8216,6006,3534,2366,0,4,0,0,0,0
CNF,79.66,-80.78,10000,7340,3726,2956,0,4,0,0,0,0
CNF,79.66,-80.78,12000,7340,3726,2956,0,4,0,0,0,0
CNF,79.66,-80.78,14000,7340,3726,2956,0,4,0,0,0,0
CNF,79.66,-80.78,16000,7340,3726,2956,0,4,0,0,0,0
CNF,79.66,-80.78,18000,7340,3726,2956,0,4,0,0,0,0
CNF,79.66,-80.78,18242,7340,3726,2956,0,4,0,0,0,0
CNF,79.66,-80.78,20000,7935,4330,3266,0,4,0,0,0,0
CNF,79.66,-80.78,22000,7935,4330,3266,0,4,0,0,0,0
CNF,79.66,-80.78,24000,7935,4330,3266,0,4,0,0,0,0
CNF,79.66,-80.78,26000,7935,4330,3266,0,4,0,0,0,0
CNF,79.66,-80.78,28000,7935,4330,3266,0,4,0,0,0,0
CNF,79.66,-80.78,30000,7935,4330,3266,0,4,0,0,0,0
CNF,79.66,-80.78,31010,7935,4330,3266,0,4,0,0,0,0
CNF,79.66,-80.78,32000,8031,5017,3350,0,4,0,0,0,0
CNF,79.66,-80.78,34000,8031,5017,3350,0,4,0,0,0,0
CNF,79.66,-80.78,36000,8031,5017,3350,0,4,0,0,0,0
CNF,79.66,-80.78,38000,8031,5017,3350,0,4,0,0,0,0
CNF,79.66,-80.78,40000,8031,5017,3350,0,4,0,0,0,0
CNF,79.66,-80.78,42000,8031,5017,3350,0,4,0,0,0,0
CNF,79.66,-80.78,44000,8031,5017,3350,0,4,0,0,0,0
CNF,79.66,-80.78,46000,8031,5017,3350,0,4,0,0,0,0
CNF,79.66,-80.78,48000,8031,5017,3350,0,4,0,0,0,0
CNF,79.66,-80.78,50000,8031,5017,3350,0,4,0,0,0,0
EUNU,80.05,-86.42,0,7754,3749,2489,0,2,0,0,0,0
EUNU,80.05,-86.42,2000,7754,3749,2489,0,2,0,0,0,0
EUNU,80.05,-86.42,4000,7754,3749,2489,0,2,0,0,0,0
EUNU,80.05,-86.42,6000,7754,3749,2489,0,2,0,0,0,0
EUNU,80.05,-86.42,8000,7754,3749,2489,0,2,0,0,0,0
EUNU,80.05,-86.42,10000,7754,3749,2489,0,2,0,0,0,0
EUNU,80.05,-86.42,12000,7754,3749,2489,0,2,0,0,0,0
EUNU,80.05,-86.42,14000,7754,3749,2489,0,2,0,0,0,0
EUNU,80.05,-86.42,16000,7754,3749,2489,0,2,0,0,0,0
EUNU,80.05,-86.42,18000,7754,3749,2489,0,2,0,0,0,0
EUNU,80.05,-86.42,20000,7754,3749,2489,0,2,0,0,0,0
EUNU,80.05,-86.42,22000,7754,3749,2489,0,2,0,0,0,0
EUNU,80.05,-86.42,24000,7754,3749,2489,0,2,0,0,0,0
EUNU,80.05,-86.42,26000,7754,3749,2489,0,2,0,0,0,0
EUNU,80.05,-86.42,28000,7754,3749,2489,0,2,0,0,0,0
EUNU,80.05,-86.42,30000,7754,3749,2489,0,2,0,0,0,0
EUNU,80.05,-86.42,32000,7754,3749,2489,0,2,0,0,0,0
EUNU,80.05,-86.42,34000,7754,3749,2489,0,2,0,0,0,0
EUNU,80.05,-86.42,34480,7754,3749,2489,0,2,0,0,0,0
EUNU,80.05,-86.42,36000,8359,5394,2415,0,2,0,0,0,0
EUNU,80.05,-86.42,38000,8359,5394,2415,0,2,0,0,0,0
EUNU,80.05,-86.42,40000,8359,5394,2415,0,2,0,0,0,0
EUNU,80.05,-86.42,42000,8359,5394,2415,0,2,0,0,0,0
EUNU,80.05,-86.42,44000,8359,5394,2415,0,2,0,0,0,0
EUNU,80.05,-86.42,46000,8359,5394,2415,0,2,0,0,0,0
EUNU,80.05,-86.42,48000,8359,5394,2415,0,2,0,0,0,0
EUNU,80.05,-86.42,50000,8359,5394,2415,0,2,0,0,0,0
IBFE,80.61,-79.58,0,6479,3008,2521,0,5,0,0,0,0
IBFE,80.61,-79.58,2000,6479,3008,2521,0,5,0,0,0,0
IBFE,80.61,-79.58,4000,6479,3008,2521,0,5,0,0,0,0
IBFE,80.61,-79.58,5018,6479,3008,2521,0,5,0,0,0,0
IBFE,80.61,-79.58,6000,6498,3868,2173,0,5,0,0,0,0
IBFE,80.61,-79.58,8000,6498,3868,2173,0,5,0,0,0,0
IBFE,80.61,-79.58,10000,6498,3868,2173,0,5,0,0,0,0
IBFE,80.61,-79.58,12000,6498,3868,2173,0,5,0,0,0,0
IBFE,80.61,-79.58,13079,6498,3868,2173,0,5,0,0,0,0
IBFE,80.61,-79.58,14000,6538,3723,2549,0,5,0,0,0,0
IBFE,80.61,-79.58,16000,6538,3723,2549,0,5,0,0,0,0
IBFE,80.61,-79.58,18000,6538,3723,2549,0,5,0,0,0,0
IBFE,80.61,-79.58,20000,6538,3723,2549,0,5,0,0,0,0
IBFE,80.61,-79.58,22000,6538,3723,2549,0,5,0,0,0,0
IBFE,80.61,-79.58,24000,6538,3723,2549,0,5,0,0,0,0
IBFE,80.61,-79.58,25468,6538,3723,2549,0,5,0,0,0,0
IBFE,80.61,-79.58,26000,7974,4448,2880,0,5,0,0,0,0
IBFE,80.61,-79.58,28000,7974,4448,2880,0,5,0,0,0,0
IBFE,80.61,-79.58,30000,7974,4448,2880,0,5,0,0,0,0
IBFE,80.61,-79.58,32000,7974,4448,2880,0,5,0,0,0,0
IBFE,80.61,-79.58,34000,7974,4448,2880,0,5,0,0,0,0
IBFE,80.61,-79.58,35952,7974,4448,2880,0,5,0,0,0,0
IBFE,80.61,-79.58,36000,8785,5135,2839,0,5,0,0,0,0
IBFE,80.61,-79.58,38000,8785,5135,2839,0,5,0,0,0,0
IBFE,80.61,-79.58,40000,8785,5135,2839,0,5,0,0,0,0
IBFE,80.61,-79.58,42000,8785,5135,2839,0,5,0,0,0,0
IBFE,80.61,-79.58,44000,8785,5135,2839,0,5,0,0,0,0
IBFE,80.61,-79.58,46000,8785,5135,2839,0,5,0,0,0,0
IBFE,80.61,-79.58,48000,8785,5135,2839,0,5,0,0,0,0
IBFE,80.61,-79.58,50000,8785,5135,2839,0,5,0,0,0,0
TQF,81.41,-76.85,0,6085,3466,2450,0,5,0,0,0,0
TQF,81.41,-76.85,2000,6085,3466,2450,0,5,0,0,0,0
TQF,81.41,-76.85,4000,6085,3466,2450,0,5,0,0,0,0
TQF,81.41,-76.85,6000,6085,3466,2450,0,5,0,0,0,0
TQF,81.41,-76.85,8000,6085,3466,2450,0,5,0,0,0,0
TQF,81.41,-76.85,10000,6085,3466,2450,0,5,0,0,0,0
TQF,81.41,-76.85,12000,6085,3466,2450,0,5,0,0,0,0
TQF,81.41,-76.85,14000,6085,3466,2450,0,5,0,0,0,0
TQF,81.41,-76.85,14229,6085,3466,2450,0,5,0,0,0,0
TQF,81.41,-76.85,16000,6244,3681,2034,0,5,0,0,0,0
TQF,81.41,-76.85,18000,6244,3681,2034,0,5,0,0,0,0
TQF,81.41,-76.85,20000,6244,3681,2034,0,5,0,0,0,0
TQF,81.41,-76.85,22000,6244,3681,2034,0,5,0,0,0,0
TQF,81.41,-76.85,24000,6244,3681,2034,0,5,0,0,0,0
TQF,81.41,-76.85,25286,6244,3681,2034,0,5,0,0,0,0
TQF,81.41,-76.85,26000,7053,4021,2777,0,5,0,0,0,0
TQF,81.41,-76.85,28000,7053,4021,2777,0,5,0,0,0,0
TQF,81.41,-76.85,30000,7053,4021,2777,0,5,0,0,0,0
TQF,81.41,-76.85,32000,7053,4021,2777,0,5,0,0,0,0
TQF,81.41,-76.85,34000,7053,4021,2777,0,5,0,0,0,0
TQF,81.41,-76.85,34626,7053,4021,2777,0,5,0,0,0,0
TQF,81.41,-76.85,36000,7163,4249,3429,0,5,0,0,0,0
TQF,81.41,-76.85,38000,7163,4249,3429,0,5,0,0,0,0
TQF,81.41,-76.85,40000,7163,4249,3429,0,5,0,0,0,0
TQF,81.41,-76.85,40699,7163,4249,3429,0,5,0,0,0,0
TQF,81.41,-76.85,42000,8058,5312,3011,0,5,0,0,0,0
TQF,81.41,-76.85,44000,8058,5312,3011,0,5,0,0,0,0
TQF,81.41,-76.85,46000,8058,5312,3011,0,5,0,0,0,0
TQF,81.41,-76.85,48000,8058,5312,3011,0,5,0,0,0,0
TQF,81.41,-76.85,50000,8058,5312,3011,0,5,0,0,0,0
MCF,82.65,-75.04,0,5940,3664,2434,0,3,0,0,0,0
MCF,82.65,-75.04,2000,5940,3664,2434,0,3,0,0,0,0
MCF,82.65,-75.04,4000,5940,3664,2434,0,3,0,0,0,0
MCF,82.65,-75.04,6000,5940,3664,2434,0,3,0,0,0,0
MCF,82.65,-75.04,8000,5940,3664,2434,0,3,0,0,0,0
MCF,82.65,-75.04,10000,5940,3664,2434,0,3,0,0,0,0
MCF,82.65,-75.04,11874,5940,3664,2434,0,3,0,0,0,0
MCF,82.65,-75.04,12000,6925,4142,2839,0,3,0,0,0,0
MCF,82.65,-75.04,14000,6925,4142,2839,0,3,0,0,0,0
MCF,82.65,-75.04,16000,6925,4142,2839,0,3,0,0,0,0
MCF,82.65,-75.04,18000,6925,4142,2839,0,3,0,0,0,0
MCF,82.65,-75.04,20000,6925,4142,2839,0,3,0,0,0,0
MCF,82.65,-75.04,22000,6925,4142,2839,0,3,0,0,0,0
MCF,82.65,-75.04,24000,6925,4142,2839,0,3,0,0,0,0
MCF,82.65,-75.04,26000,6925,4142,2839,0,3,0,0,0,0
MCF,82.65,-75.04,28000,6925,4142,2839,0,3,0,0,0,0
MCF,82.65,-75.04,30000,6925,4142,2839,0,3,0,0,0,0
MCF,82.65,-75.04,32000,6925,4142,2839,0,3,0,0,0,0
MCF,82.65,-75.04,34000,6925,4142,2839,0,3,0,0,0,0
MCF,82.65,-75.04,36000,6925,4142,2839,0,3,0,0,0,0
MCF,82.65,-75.04,36776,6925,4142,2839,0,3,0,0,0,0
MCF,82.65,-75.04,38000,8442,4555,2841,0,3,0,0,0,0
MCF,82.65,-75.04,40000,8442,4555,2841,0,3,0,0,0,0
MCF,82.65,-75.04,42000,8442,4555,2841,0,3,0,0,0,0
MCF,82.65,-75.04,44000,8442,4555,2841,0,3,0,0,0,0
MCF,82.65,-75.04,46000,8442,4555,2841,0,3,0,0,0,0
MCF,82.65,-75.04,48000,8442,4555,2841,0,3,0,0,0,0
MCF,82.65,-75.04,50000,8442,4555,2841,0,3,0,0,0,0